<?xml version="1.0" encoding="UTF-8" standalone="yes"?>
<addon id="plugin.video.Area51Gui" name="[COLOR lime]Area 51 Gui Edition[/COLOR]" version="1.00.000" provider-name="Ghost">
  <requires>
    <import addon="xbmc.python" version="2.1.0"/>
    <import addon="script.module.addon.common" version="2.0.0" />
  </requires>
  <extension point="xbmc.python.pluginsource" library="default.py">
    <provides>video</provides>
  </extension>
  <extension point="xbmc.addon.metadata">
    <summary lang="en">[COLOR lime]Area 51 Gui Edition Made By A Ghost[/COLOR]</summary>
    <description lang="en">A Kodi Bassed MultiMedia Addon.</description>
    <platform>all</platform>
	<assets>
        <icon>icon.gif</icon>
        <fanart>fanart.jpg</fanart>
    </assets>
  </extension>
</addon>