<?xml version="1.0" encoding="UTF-8" standalone="yes"?>
<addon id="script.Galaxy.metadata" version="1.0.7" name="[COLOR gray]Galaxy Metadata[/COLOR]" provider-name="[COLOR white]The Martian[/COLOR]">
	<requires>
		<import addon="xbmc.python" version="2.19.0"/>
	</requires>
	<extension point="xbmc.python.module" library="lib" />
	<extension point="xbmc.addon.metadata">
		<summary>Metadata for the Galaxy Addon</summary>
		<description>Metadata for Galaxy are maintained separately to make distribution of the the addon itself easier/faster.</description>
		<platform>all</platform>
	</extension>
</addon>
