<?xml version="1.0" encoding="UTF-8" standalone="yes"?>
<addon id="plugin.video.Galaxy" version="1.2.0" name="[COLOR gray]Galaxy[/COLOR]" provider-name="[COLOR lightblue]0XPAHA[/COLOR]">
	<requires>
		<import addon="xbmc.python" version="2.19.0" />
		<import addon="script.module.Galaxy" />
		<import addon="script.Galaxy.artwork" version="1.0.0" />
		<import addon="script.Galaxy.metadata" version="1.0.0" />
		<import addon="script.module.resolveurl" />
		<import addon="script.module.requests" />
		<import addon="script.module.metahandler" version="1.0.0" />
        <import addon="plugin.video.youtube"/>
	</requires>
	<extension point="xbmc.python.pluginsource" library="default.py">
		<provides>video</provides>
        <provides>audio</provides>
	</extension>
	<extension point="xbmc.addon.metadata">
		<summary lang="en">[COLOR gray]Galaxy[/COLOR]</summary>
		<description>[COLOR yellow]PLEASE READ!!!!!!!!!!!!!!!!!!!!!!!!!!!!!!![/COLOR][COLOR lightblue]
  Welcome to the Galaxy addon from Area-51. Please Read and accept the terms below to continue. Galaxy Kodi addon is absolutely legal and only contains links to other websites on the Internet. It does not host or upload any videos, films, or media files. The Galaxy Kodi addon simply aggregates links in a convenient, user-friendly interface. Galaxy is not responsible for the accuracy, compliance, copyright, legality, decency, or any other aspect of the content of others linked sites. If you have any legal issue please contact the appropriate media file owners or host of these sites. Any legal issues regarding the free online TV shows or Movies on this 3rd party Kodi addon should be taken up with the actual file host and providers themselves, as Galaxy is not affiliated with them. All copyrights of TV shows, movies, and videos is reserved by the copyright owner(s). Use Galaxy at your own risk. 
[/COLOR]</description>
        <disclaimer lang="en">The author is not responsible for the use of this addon. The author is not responsible for the content found using this addon. The author does not host or own any content found within this addon.
The author is in no way affiliated with Kodi, Team Kodi, or the XBMC Foundation.
This is a Non-profit resource, organized solely for educational purposes which is protected under the Fair-Use doctrine of the Copyright Act, Specifically section 107, which does promote freedom of expression, by permitting the unlicensed use of copyright-protected works.
</disclaimer>
		<platform>all</platform>
		<license>Beerware rev. 42</license>
		<assets>
			<icon>icon.png</icon>
			<fanart>fanart.jpg</fanart>
    			<screenshot>resources/screenshots/screenshot-01.jpg</screenshot>
    			<screenshot>resources/screenshots/screenshot-02.jpg</screenshot>
    			<screenshot>resources/screenshots/screenshot-03.jpg</screenshot>
    			<screenshot>resources/screenshots/screenshot-04.jpg</screenshot>
		</assets>
		<news></news>
	</extension>
</addon>
