<?xml version="1.0" encoding="UTF-8"?>
    <addon id="repository.ufo-repo" name="[COLOR lightgreen]UFO[/COLOR] Repository" version="1.000.000" provider-name="krAZ">
        <requires>
            <import addon="xbmc.addon" version="12.0.0"/>
        </requires>
        <extension point="xbmc.addon.repository" name="UFO">
            <info compressed="false">https://raw.githubusercontent.com/krazware/therealufo/addons.xml</info>
            <checksum>https://raw.githubusercontent.com/krazware/therealufo/addons.xml.md5</checksum>
            <datadir zip="true">https://raw.githubusercontent.com/krazware/therealufo/zips</datadir>
            <hashes>false</hashes>
        </extension>
        <extension point="xbmc.addon.metadata">
            <summary>The New Offical Area 51 Repo</summary>
            <description>OFFICIAL REPO, UN-INSTALL ALL PREVIOUS REPOS</description>
            <platform>all</platform>
    </extension>
</addon>